{
  "usdRate": 7.3,
  "days": {
    "2026-07-23": {
      "calls": 70,
      "input": 392045,
      "output": 29121,
      "cache": 2832192,
      "cost_usd": 0.1659,
      "cost_cny": 1.21,
      "hours": {
        "01": {
          "calls": 11,
          "input": 160488,
          "output": 907,
          "cache": 86080,
          "cost": 0.04869059999999999
        },
        "02": {
          "calls": 59,
          "input": 231557,
          "output": 28214,
          "cache": 2746112,
          "cost": 0.11720903599999999
        }
      }
    }
  }
}