{
  "usdRate": 7.3,
  "days": {
    "2026-07-24": {
      "calls": 91,
      "input": 553772,
      "output": 48428,
      "cache": 10544640,
      "cost_usd": 0.386338,
      "cost_cny": 2.82,
      "hours": {
        "01": {
          "calls": 14,
          "input": 70472,
          "output": 7599,
          "cache": 438528,
          "cost": 0.024272584000000003
        },
        "02": {
          "calls": 77,
          "input": 483300,
          "output": 40829,
          "cache": 10106112,
          "cost": 0.36206525600000006
        }
      }
    }
  }
}